{"cameraMode":{"drawMode":0,"name":"Shaded","section":"Shading Mode"},"sceneLighting":false,"audioPlay":false,"sceneViewState":{"m_AlwaysRefresh":false,"showFog":true,"showSkybox":false,"showFlares":true,"showImageEffects":true,"showParticleSystems":true,"showVisualEffectGraphs":true,"m_FxEnabled":true},"in2DMode":false,"pivot":{"x":2.3967652320861818,"y":7.509899139404297,"z":-2.4489526748657228},"rotation":{"x":0.0014134704833850265,"y":-0.9941099882125855,"z":-0.016133902594447137,"w":-0.10916943103075028},"size":1.732051134109497,"orthographic":false}