{"cameraMode":{"drawMode":0,"name":"Shaded","section":"Shading Mode"},"sceneLighting":false,"audioPlay":false,"sceneViewState":{"showFog":true,"showMaterialUpdate":true,"showSkybox":false,"showFlares":true,"showImageEffects":true,"showParticleSystems":true},"in2DMode":false,"pivot":{"x":844.890869140625,"y":575.8593139648438,"z":-96.2693099975586},"rotation":{"x":-0.011716504581272602,"y":0.979179859161377,"z":0.19401200115680695,"w":0.05911725014448166},"size":18.829179763793947,"orthographic":false}