{"cameraMode":{"drawMode":0,"name":"Shaded","section":"Shading Mode"},"sceneLighting":false,"audioPlay":false,"sceneViewState":{"showFog":true,"showMaterialUpdate":true,"showSkybox":false,"showFlares":true,"showImageEffects":true,"showParticleSystems":true},"in2DMode":false,"pivot":{"x":1.3238213062286378,"y":6.995578289031982,"z":-1.3772401809692383},"rotation":{"x":0.04555389657616615,"y":-0.19780606031417848,"z":0.009284364059567452,"w":0.979392409324646},"size":5.607937812805176,"orthographic":false}