{"cameraMode":{"drawMode":0,"name":"Shaded","section":"Shading Mode"},"sceneLighting":false,"audioPlay":false,"sceneViewState":{"showFog":true,"showMaterialUpdate":true,"showSkybox":false,"showFlares":true,"showImageEffects":true,"showParticleSystems":true},"in2DMode":false,"pivot":{"x":1.476003646850586,"y":6.0660200119018559,"z":3.315195083618164},"rotation":{"x":0.09583853930234909,"y":-0.4297228157520294,"z":0.04603366181254387,"w":0.8969571590423584},"size":5.007937431335449,"orthographic":false}