{"cameraMode":{"drawMode":0,"name":"Shaded","section":"Shading Mode"},"sceneLighting":false,"audioPlay":false,"sceneViewState":{"showFog":true,"showMaterialUpdate":true,"showSkybox":false,"showFlares":true,"showImageEffects":true,"showParticleSystems":true},"in2DMode":false,"pivot":{"x":118.55979919433594,"y":-69.49727630615235,"z":-431.5635986328125},"rotation":{"x":0.14650975167751313,"y":-0.8070449233055115,"z":-0.22463291883468629,"w":-0.5261492133140564},"size":31.649703979492189,"orthographic":false}