{"cameraMode":{"drawMode":0,"name":"Shaded","section":"Shading Mode"},"sceneLighting":true,"audioPlay":false,"sceneViewState":{"showFog":true,"showMaterialUpdate":true,"showSkybox":true,"showFlares":true,"showImageEffects":true,"showParticleSystems":true},"in2DMode":false,"pivot":{"x":-3.6507625579833986,"y":-52.66581344604492,"z":-82.47138977050781},"rotation":{"x":0.0017872094176709653,"y":0.9979930520057678,"z":0.023940909653902055,"w":-0.06255345046520233},"size":46.31949996948242,"orthographic":false}