{"cameraMode":{"drawMode":0,"name":"Shaded","section":"Shading Mode"},"sceneLighting":false,"audioPlay":false,"sceneViewState":{"showFog":true,"showMaterialUpdate":true,"showSkybox":false,"showFlares":true,"showImageEffects":true,"showParticleSystems":true},"in2DMode":false,"pivot":{"x":2.3159801959991457,"y":6.806700229644775,"z":300.2149658203125},"rotation":{"x":0.04555389657616615,"y":-0.19780606031417848,"z":0.009284364059567452,"w":0.979392409324646},"size":990.0001831054688,"orthographic":false}