{"cameraMode":{"drawMode":0,"name":"Shaded","section":"Shading Mode"},"sceneLighting":true,"audioPlay":false,"sceneViewState":{"showFog":true,"showMaterialUpdate":true,"showSkybox":true,"showFlares":true,"showImageEffects":true,"showParticleSystems":true},"in2DMode":false,"pivot":{"x":-38.78506851196289,"y":24.255952835083009,"z":32.03528594970703},"rotation":{"x":-0.3782889246940613,"y":0.10518801957368851,"z":0.043300025165081027,"w":0.9187064170837402},"size":18.691856384277345,"orthographic":false}