{"cameraMode":{"drawMode":0,"name":"Shaded","section":"Shading Mode"},"sceneLighting":true,"audioPlay":false,"sceneViewState":{"showFog":true,"showMaterialUpdate":true,"showSkybox":true,"showFlares":true,"showImageEffects":true,"showParticleSystems":true},"in2DMode":false,"pivot":{"x":-2.4360456466674806,"y":-19.178377151489259,"z":-264.682373046875},"rotation":{"x":0.05092804878950119,"y":0.05893738940358162,"z":-0.0024998390581458809,"w":0.997223436832428},"size":20.425113677978517,"orthographic":false}