{"cameraMode":{"drawMode":0,"name":"Shaded","section":"Shading Mode"},"sceneLighting":false,"audioPlay":false,"sceneViewState":{"showFog":true,"showMaterialUpdate":true,"showSkybox":false,"showFlares":true,"showImageEffects":true,"showParticleSystems":true},"in2DMode":false,"pivot":{"x":2.3159801959991457,"y":6.850305080413818,"z":-0.7613662481307983},"rotation":{"x":0.15674114227294923,"y":-0.2329910546541214,"z":0.038196541368961337,"w":0.9592635035514832},"size":5.007937431335449,"orthographic":false}