{"cameraMode":{"drawMode":0,"name":"Shaded","section":"Shading Mode"},"sceneLighting":true,"audioPlay":false,"sceneViewState":{"showFog":true,"showMaterialUpdate":true,"showSkybox":false,"showFlares":true,"showImageEffects":true,"showParticleSystems":true},"in2DMode":false,"pivot":{"x":87.53443145751953,"y":-79.44388580322266,"z":-425.3629455566406},"rotation":{"x":-0.02681189402937889,"y":0.726004958152771,"z":-0.028311019763350488,"w":-0.6866100430488586},"size":80.02074432373047,"orthographic":false}