{"cameraMode":{"drawMode":0,"name":"Shaded","section":"Shading Mode"},"sceneLighting":true,"audioPlay":false,"sceneViewState":{"showFog":true,"showMaterialUpdate":true,"showSkybox":true,"showFlares":true,"showImageEffects":true,"showParticleSystems":true},"in2DMode":false,"pivot":{"x":973.32373046875,"y":332.7258605957031,"z":-226.31036376953126},"rotation":{"x":0.29622721672058108,"y":-0.06995644420385361,"z":0.021727627143263818,"w":0.9525675177574158},"size":4282.38525390625,"orthographic":false}