{"cameraMode":{"drawMode":0,"name":"Shaded","section":"Shading Mode"},"sceneLighting":false,"audioPlay":false,"sceneViewState":{"showFog":true,"showMaterialUpdate":true,"showSkybox":false,"showFlares":true,"showImageEffects":true,"showParticleSystems":true},"in2DMode":false,"pivot":{"x":0.28800201416015627,"y":3.3440017700195314,"z":7.312586784362793},"rotation":{"x":-0.5785911679267883,"y":-0.08597183972597122,"z":0.061509668827056888,"w":-0.8087435960769653},"size":327.7510681152344,"orthographic":false}