{"cameraMode":{"drawMode":0,"name":"Shaded","section":"Shading Mode"},"sceneLighting":false,"audioPlay":false,"sceneViewState":{"showFog":true,"showMaterialUpdate":true,"showSkybox":false,"showFlares":true,"showImageEffects":true,"showParticleSystems":true},"in2DMode":false,"pivot":{"x":-939.8955688476563,"y":-167.3838348388672,"z":-214.58456420898438},"rotation":{"x":-0.2193164974451065,"y":0.08708370476961136,"z":-0.01964794471859932,"w":-0.9716136455535889},"size":3.8294577598571779,"orthographic":false}