{"cameraMode":{"drawMode":0,"name":"Shaded","section":"Shading Mode"},"sceneLighting":true,"audioPlay":false,"sceneViewState":{"showFog":true,"showMaterialUpdate":true,"showSkybox":true,"showFlares":true,"showImageEffects":true,"showParticleSystems":true},"in2DMode":false,"pivot":{"x":278.78924560546877,"y":-853.09521484375,"z":-1021.9254760742188},"rotation":{"x":-0.27746424078941347,"y":-0.7209181785583496,"z":0.4205471873283386,"w":-0.47595444321632388},"size":2.8578836917877199,"orthographic":false}