{"cameraMode":{"drawMode":0,"name":"Shaded","section":"Shading Mode"},"sceneLighting":false,"audioPlay":false,"sceneViewState":{"showFog":true,"showMaterialUpdate":true,"showSkybox":false,"showFlares":true,"showImageEffects":true,"showParticleSystems":true},"in2DMode":false,"pivot":{"x":-937.7313842773438,"y":-167.59657287597657,"z":163.4271240234375},"rotation":{"x":-0.23680521547794343,"y":-0.4605194628238678,"z":0.1289488822221756,"w":-0.8457652926445007},"size":3.8294577598571779,"orthographic":false}