{"cameraMode":{"drawMode":0,"name":"Shaded","section":"Shading Mode"},"sceneLighting":false,"audioPlay":false,"sceneViewState":{"showFog":true,"showMaterialUpdate":true,"showSkybox":false,"showFlares":true,"showImageEffects":true,"showParticleSystems":true},"in2DMode":false,"pivot":{"x":-939.2147216796875,"y":-167.5174560546875,"z":164.7200164794922},"rotation":{"x":-0.25313958525657656,"y":-0.18779271841049195,"z":0.05016535893082619,"w":-0.9477550387382507},"size":3.8294577598571779,"orthographic":false}