{"cameraMode":{"drawMode":0,"name":"Shaded","section":"Shading Mode"},"sceneLighting":true,"audioPlay":false,"sceneViewState":{"showFog":true,"showMaterialUpdate":true,"showSkybox":true,"showFlares":true,"showImageEffects":true,"showParticleSystems":true},"in2DMode":false,"pivot":{"x":300.5035095214844,"y":-60.97655487060547,"z":5.474556922912598},"rotation":{"x":0.08769992738962174,"y":0.6763134598731995,"z":0.08153131604194641,"w":-0.7271525859832764},"size":46.31949996948242,"orthographic":false}