{"cameraMode":{"drawMode":0,"name":"Shaded","section":"Shading Mode"},"sceneLighting":false,"audioPlay":false,"sceneViewState":{"showFog":true,"showMaterialUpdate":true,"showSkybox":false,"showFlares":true,"showImageEffects":true,"showParticleSystems":true},"in2DMode":false,"pivot":{"x":4.398439407348633,"y":-0.8992680311203003,"z":12.494176864624024},"rotation":{"x":-0.1457432508468628,"y":0.11125964671373368,"z":-0.014899678528308869,"w":-0.9831030964851379},"size":0.5715773701667786,"orthographic":false}