{"cameraMode":{"drawMode":0,"name":"Shaded","section":"Shading Mode"},"sceneLighting":true,"audioPlay":false,"sceneViewState":{"showFog":true,"showMaterialUpdate":true,"showSkybox":true,"showFlares":true,"showImageEffects":true,"showParticleSystems":true},"in2DMode":false,"pivot":{"x":23.951650619506837,"y":12.102656364440918,"z":158.3086700439453},"rotation":{"x":-0.00234962347894907,"y":0.9781984090805054,"z":-0.2084941565990448,"w":-0.01137431338429451},"size":46.31949996948242,"orthographic":false}