{"cameraMode":{"drawMode":0,"name":"Shaded","section":"Shading Mode"},"sceneLighting":true,"audioPlay":false,"sceneViewState":{"showFog":true,"showMaterialUpdate":true,"showSkybox":true,"showFlares":true,"showImageEffects":true,"showParticleSystems":true},"in2DMode":false,"pivot":{"x":206.6536407470703,"y":-283.3948059082031,"z":303.49554443359377},"rotation":{"x":-0.029830168932676317,"y":-0.9307467341423035,"z":0.35672321915626528,"w":-0.07789869606494904},"size":196.37045288085938,"orthographic":false}