{"cameraMode":{"drawMode":0,"name":"Shaded","section":"Shading Mode"},"sceneLighting":true,"audioPlay":false,"sceneViewState":{"showFog":true,"showMaterialUpdate":true,"showSkybox":true,"showFlares":true,"showImageEffects":true,"showParticleSystems":true},"in2DMode":false,"pivot":{"x":43.50165939331055,"y":-60.67123794555664,"z":-2.8088455200195314},"rotation":{"x":0.07866092771291733,"y":0.3462030291557312,"z":-0.029232200235128404,"w":0.9346082210540772},"size":81.52124786376953,"orthographic":false}