{"cameraMode":{"drawMode":0,"name":"Shaded","section":"Shading Mode"},"sceneLighting":false,"audioPlay":false,"sceneViewState":{"showFog":true,"showMaterialUpdate":true,"showSkybox":false,"showFlares":true,"showImageEffects":true,"showParticleSystems":true},"in2DMode":false,"pivot":{"x":11.692556381225586,"y":2.47092342376709,"z":-2.5344326496124269},"rotation":{"x":0.022005761042237283,"y":0.8616437911987305,"z":0.037508223205804828,"w":-0.5056665539741516},"size":0.513975977897644,"orthographic":false}