{"cameraMode":{"drawMode":0,"name":"Shaded","section":"Shading Mode"},"sceneLighting":false,"audioPlay":false,"sceneViewState":{"showFog":true,"showMaterialUpdate":true,"showSkybox":false,"showFlares":true,"showImageEffects":true,"showParticleSystems":true},"in2DMode":false,"pivot":{"x":-1.4015151262283326,"y":0.2908884286880493,"z":-0.013666530139744282},"rotation":{"x":0.04655987396836281,"y":0.7072529196739197,"z":-0.04883634299039841,"w":0.7039706110954285},"size":2.8578836917877199,"orthographic":false}