{"cameraMode":{"drawMode":0,"name":"Shaded","section":"Shading Mode"},"sceneLighting":true,"audioPlay":false,"sceneViewState":{"showFog":true,"showMaterialUpdate":true,"showSkybox":true,"showFlares":true,"showImageEffects":true,"showParticleSystems":true},"in2DMode":false,"pivot":{"x":-11.927847862243653,"y":11.275912284851075,"z":11.77619457244873},"rotation":{"x":0.007601776625961065,"y":0.9909987449645996,"z":-0.0582926981151104,"w":0.12127239257097244},"size":1.9716579914093018,"orthographic":false}