{"cameraMode":{"drawMode":0,"name":"Shaded","section":"Shading Mode"},"sceneLighting":true,"audioPlay":false,"sceneViewState":{"showFog":true,"showMaterialUpdate":true,"showSkybox":true,"showFlares":true,"showImageEffects":true,"showParticleSystems":true},"in2DMode":false,"pivot":{"x":-385.28875732421877,"y":1.6323500871658326,"z":-350.3627014160156},"rotation":{"x":0.008672881871461869,"y":-0.9846229553222656,"z":-0.05329270660877228,"w":-0.16771866381168366},"size":20.425113677978517,"orthographic":false}