{"cameraMode":{"drawMode":0,"name":"Shaded","section":"Shading Mode"},"sceneLighting":true,"audioPlay":false,"sceneViewState":{"showFog":true,"showMaterialUpdate":true,"showSkybox":true,"showFlares":true,"showImageEffects":true,"showParticleSystems":true},"in2DMode":false,"pivot":{"x":275.7911071777344,"y":-851.67822265625,"z":-1019.3433227539063},"rotation":{"x":-0.17935417592525483,"y":0.3358432352542877,"z":-0.06518102437257767,"w":-0.9224387407302856},"size":2.8578836917877199,"orthographic":false}