{"cameraMode":{"drawMode":0,"name":"Shaded","section":"Shading Mode"},"sceneLighting":true,"audioPlay":false,"sceneViewState":{"showFog":true,"showMaterialUpdate":true,"showSkybox":true,"showFlares":true,"showImageEffects":true,"showParticleSystems":true},"in2DMode":false,"pivot":{"x":141.40457153320313,"y":-62.790138244628909,"z":109.78294372558594},"rotation":{"x":0.011701763607561589,"y":0.20747987926006318,"z":0.002676938660442829,"w":-0.9783272743225098},"size":133.8715362548828,"orthographic":false}