{"cameraMode":{"drawMode":0,"name":"Shaded","section":"Shading Mode"},"sceneLighting":false,"audioPlay":false,"sceneViewState":{"showFog":true,"showMaterialUpdate":true,"showSkybox":false,"showFlares":true,"showImageEffects":true,"showParticleSystems":true},"in2DMode":false,"pivot":{"x":-0.4420121908187866,"y":0.032182078808546069,"z":1.2099581956863404},"rotation":{"x":-0.04567079618573189,"y":0.6559391617774963,"z":-0.03976740688085556,"w":-0.7524136304855347},"size":0.5715764164924622,"orthographic":false}