{"cameraMode":{"drawMode":0,"name":"Shaded","section":"Shading Mode"},"sceneLighting":true,"audioPlay":false,"sceneViewState":{"showFog":true,"showMaterialUpdate":true,"showSkybox":true,"showFlares":true,"showImageEffects":true,"showParticleSystems":true},"in2DMode":false,"pivot":{"x":-39.220001220703128,"y":10.712003707885743,"z":28.68798828125},"rotation":{"x":0.0525704063475132,"y":0.923554539680481,"z":-0.13704140484333039,"w":0.35428833961486819},"size":12.753782272338868,"orthographic":false}