{"cameraMode":{"drawMode":0,"name":"Shaded","section":"Shading Mode"},"sceneLighting":true,"audioPlay":false,"sceneViewState":{"showFog":true,"showMaterialUpdate":true,"showSkybox":true,"showFlares":true,"showImageEffects":true,"showParticleSystems":true},"in2DMode":false,"pivot":{"x":466.4500427246094,"y":109.51110076904297,"z":167.2760772705078},"rotation":{"x":0.08654610812664032,"y":-0.6082725524902344,"z":0.06676222383975983,"w":0.7864855527877808},"size":5.007937431335449,"orthographic":false}