{"cameraMode":{"drawMode":0,"name":"Shaded","section":"Shading Mode"},"sceneLighting":false,"audioPlay":false,"sceneViewState":{"showFog":true,"showMaterialUpdate":true,"showSkybox":false,"showFlares":true,"showImageEffects":true,"showParticleSystems":true},"in2DMode":false,"pivot":{"x":16.027618408203126,"y":19.012435913085939,"z":423.091552734375},"rotation":{"x":-0.12253107130527497,"y":0.7485986948013306,"z":0.144358828663826,"w":0.6354087591171265},"size":327.7510681152344,"orthographic":false}