{"cameraMode":{"drawMode":0,"name":"Shaded","section":"Shading Mode"},"sceneLighting":true,"audioPlay":false,"sceneViewState":{"showFog":true,"showMaterialUpdate":true,"showSkybox":true,"showFlares":true,"showImageEffects":true,"showParticleSystems":true},"in2DMode":false,"pivot":{"x":143.94149780273438,"y":-90.72282409667969,"z":-457.6235046386719},"rotation":{"x":-0.04509322717785835,"y":-0.9027653336524963,"z":0.09790826588869095,"w":-0.41650253534317019},"size":63.299407958984378,"orthographic":false}