{"cameraMode":{"drawMode":0,"name":"Shaded","section":"Shading Mode"},"sceneLighting":false,"audioPlay":false,"sceneViewState":{"showFog":true,"showMaterialUpdate":true,"showSkybox":false,"showFlares":true,"showImageEffects":true,"showParticleSystems":true},"in2DMode":false,"pivot":{"x":607.3126831054688,"y":996.0901489257813,"z":-2354.8076171875},"rotation":{"x":0.08195751905441284,"y":0.4682556092739105,"z":-0.043673887848854068,"w":0.8787174224853516},"size":0.23512773215770722,"orthographic":false}