{"cameraMode":{"drawMode":0,"name":"Shaded","section":"Shading Mode"},"sceneLighting":false,"audioPlay":false,"sceneViewState":{"m_AlwaysRefresh":false,"showFog":true,"showSkybox":false,"showFlares":true,"showImageEffects":true,"showParticleSystems":true,"showVisualEffectGraphs":true,"m_FxEnabled":true},"in2DMode":false,"pivot":{"x":-0.4802267849445343,"y":-44.76687240600586,"z":-0.7428634762763977},"rotation":{"x":0.007876662537455559,"y":-0.900076150894165,"z":0.014866973273456097,"w":0.4358367919921875},"size":0.8660253882408142,"orthographic":false}